{
    "rmse": 0.6076095551320483,
    "mae": 0.4802555752088938,
    "r2": 0.33655473133473013
}