{
    "accuracy": 0.9170305676855895,
    "precision": 0.8908296943231441,
    "recall": 0.9170305676855895,
    "f1_score": 0.9012134505866018,
    "confusion_matrix": [
        [
            0,
            0,
            6
        ],
        [
            0,
            18,
            10
        ],
        [
            0,
            3,
            192
        ]
    ]
}